time,open,high,low,close,Volume
1624506300,301.0,361.20001,295.0,361.20001,41848082
1624592700,387.89999,413.89999,355.45001,364.70001,30784367
1624851900,357.0,361.70001,337.29999,347.5,5967165
1624938300,345.0,352.0,340.85001,349.10001,2476272
1625024700,350.75,359.0,341.29999,342.29999,983870
1625111100,342.0,350.0,333.25,344.95001,1740419
1625197500,343.0,385.0,341.29999,377.45001,4600866
1625456700,381.39999,387.89999,366.5,383.04999,3150274
1625543100,382.64999,395.70001,376.0,388.0,3504682
1625629500,384.25,420.79999,378.5,405.35001,5935443
1625715900,404.75,412.39999,396.10001,402.45001,2421453
1625802300,400.0,426.79999,398.04999,422.25,3886823
1626061500,424.89999,427.0,402.0,409.10001,1845286
1626147900,411.0,415.5,400.39999,402.04999,1526457
1626234300,404.95001,406.95001,399.0,401.79999,625983
1626320700,404.70001,409.29999,392.20001,394.70001,727281
1626407100,400.0,409.0,399.20001,401.5,1023571
1626666300,399.5,404.95001,388.0,393.79999,1220437
1626752700,401.70001,456.89999,392.0,439.85001,8324982
1626925500,428.0,452.0,411.10001,440.5,9450575
1627011900,441.0,452.89999,418.75,423.25,4378428
1627271100,424.0,424.0,402.60001,405.54999,3491888
1627357500,408.0,415.45001,393.85001,396.60001,2330599
1627443900,400.45001,424.29999,395.5,418.75,4790986
1627530300,420.75,438.95001,416.10001,435.39999,2548002
1627616700,432.85001,443.95001,426.70001,439.25,1833069
1627875900,442.64999,454.25,435.5,439.25,2478124
1627962300,443.0,446.79999,432.20001,436.04999,909060
1628048700,439.75,439.75,421.0,421.95001,1674935
1628135100,424.89999,425.0,408.0,409.5,1476251
1628221500,410.20001,422.5,408.0,411.45001,1736766
1628480700,427.70001,486.70001,427.25,477.79999,13161558
1628567100,481.25,559.40002,474.0,489.35001,20850838
1628653500,497.79999,522.90002,478.35001,498.89999,7578893
1628739900,503.70001,508.75,486.85001,491.25,1918516
1628826300,494.14999,517.40002,494.14999,501.79999,2797664
1629085500,503.5,542.0,493.04999,516.25,5838267
1629171900,515.40002,523.79999,494.0,496.35001,2846613
1629258300,498.95001,504.75,464.10001,473.75,3623680
1629431100,467.60001,493.0,463.0,466.35001,2441515
1629690300,472.14999,480.89999,438.14999,445.20001,2657952
1629776700,448.64999,456.5,440.20001,450.14999,2849668
1629863100,457.0,491.14999,455.25,472.39999,4691070
1629949500,475.0,484.0,466.14999,471.5,2658679
1630035900,471.0,478.89999,467.20001,474.20001,1346020
1630295100,483.0,521.70001,483.0,512.65002,5769574
1630381500,510.0,518.79999,496.39999,500.10001,2502460
1630467900,500.10001,513.09998,496.0,498.45001,1701574
1630554300,498.5,511.0,493.0,494.54999,1525755
1630640700,496.0,538.79999,491.0,525.70001,8377452
1630899900,532.40002,561.90002,527.29999,548.75,5941536
1630986300,550.45001,560.90002,540.59998,548.90002,3524987
1631072700,551.90002,551.90002,526.09998,544.84998,3217349
1631159100,545.5,571.0,545.20001,550.5,4521235
1631504700,553.0,589.29999,546.0,583.45001,5695633
1631591100,587.45001,596.79999,567.20001,572.0,3046264
1631677500,575.40002,589.29999,567.20001,582.45001,3207889
1631763900,584.15002,610.0,582.54999,585.34998,4361456
1631850300,589.0,592.25,560.25,570.40002,2113066
1632109500,564.0,580.0,556.09998,566.09998,1784926
1632195900,569.79999,572.70001,547.15002,562.79999,2457993
1632282300,565.59998,584.0,561.04999,574.79999,1786786
1632368700,580.45001,587.75,572.09998,574.84998,1348917
1632455100,576.79999,578.75,555.04999,558.0,1243064
1632714300,563.90002,566.79999,548.0,560.5,1602071
1632800700,563.0,564.40002,552.70001,556.25,1117400
1632887100,553.0,573.79999,551.0,563.25,1092189
1632973500,565.40002,566.79999,554.90002,555.84998,628272
1633059900,551.0,571.84998,549.20001,562.54999,1605653
1633319100,564.09998,581.79999,564.04999,575.20001,1332619
1633405500,575.59998,589.84998,555.0,585.25,2312586
1633491900,588.0,591.5,573.0,581.04999,1145894
1633578300,585.0,689.0,584.0,652.95001,8928123
1633664700,657.59998,660.0,627.04999,630.95001,2400741
1633923900,632.79999,665.95001,628.40002,651.79999,1912860
1634010300,651.0,660.0,635.0,651.0,1197495
1634096700,670.0,749.0,670.0,741.40002,7037231
1634183100,747.70001,813.0,718.34998,755.15002,5972558
1634528700,762.0,805.95001,755.0,765.65002,2396092
1634615100,771.40002,773.29999,674.0,697.59998,1716466
1634701500,691.90002,694.0,630.0,643.34998,4178371
1634787900,643.20001,653.40002,601.0,625.15002,2746143
1634874300,629.75,666.45001,611.25,616.09998,2566541
1635133500,618.0,626.90002,586.0,604.0,1874816
1635219900,608.0,654.04999,608.0,639.29999,3210594
1635306300,643.0,647.90002,612.0,615.04999,1718860
1635392700,618.0,705.40002,618.0,668.40002,7525179
1635479100,664.0,678.09998,637.20001,647.70001,2563167
1635738300,653.70001,669.79999,645.20001,648.40002,1838861
1635824700,653.0,669.20001,648.40002,649.34998,1857969
1635911100,654.0,655.45001,635.65002,643.54999,1127716
1636029000,650.20001,668.75,649.59998,665.70001,1101448
1636343100,669.0,679.75,656.65002,666.29999,1739351
1636429500,668.0,697.54999,661.40002,684.95001,2961288
1636515900,680.0,701.0,676.29999,686.65002,1784031
1636602300,687.0,713.40002,687.0,695.0,2305663
1636688700,701.0,703.09998,670.20001,679.95001,1816218
1636947900,685.09998,700.0,684.0,690.29999,1495935
1637034300,695.79999,720.90002,692.5,712.59998,2855058
1637120700,708.40002,726.0,707.59998,710.90002,1717766
1637207100,713.70001,719.95001,690.0,710.0,2185044
1637552700,716.40002,723.79999,681.34998,696.34998,2997923
1637639100,690.0,749.0,687.90002,738.70001,3179965
1637725500,748.09998,769.40002,734.04999,741.84998,2527904
1637811900,747.90002,775.0,745.0,759.95001,2012494
1637898300,745.0,768.5,725.04999,729.29999,2200440
1638157500,725.0,747.79999,676.20001,743.5,2865447
1638243900,750.0,770.95001,736.54999,748.29999,1737253
1638330300,758.65002,766.0,741.25,744.70001,1408465
1638416700,748.79999,767.0,746.04999,758.95001,1741210
1638503100,767.29999,812.5,763.40002,766.40002,3977053
1638762300,771.40002,771.95001,748.65002,751.75,1219012
1638848700,759.09998,778.0,755.20001,760.54999,2180750
1638935100,772.0,778.0,763.75,771.40002,1162024
1639021500,782.0,817.90002,772.59998,776.0,5381019
1639107900,777.95001,792.0,775.25,789.29999,1666681
1639367100,797.70001,829.5,795.40002,822.70001,4051746
1639453500,822.40002,839.90002,795.0,799.59998,3330102
1639539900,805.70001,809.95001,790.70001,796.70001,1914028
1639626300,806.90002,807.25,776.09998,779.5,1694604
1639712700,778.59998,798.90002,741.25,755.84998,12307302
1639971900,753.0,755.29999,690.0,699.25,3720125
1640058300,714.0,728.75,704.20001,709.29999,1682321
1640144700,714.79999,723.0,694.0,696.09998,1580443
1640231100,702.90002,711.0,691.90002,698.5,1653715
1640317500,703.75,717.79999,680.15002,712.75,2108002
1640576700,712.0,716.0,694.40002,704.54999,1256299
1640663100,708.5,732.0,705.5,728.84998,1299478
1640749500,730.0,734.59998,706.25,709.40002,1025937
1640835900,709.79999,727.70001,709.75,723.15002,939497
1640922300,725.0,748.70001,722.0,743.54999,1533044
1641181500,743.54999,750.0,736.54999,740.54999,801634
1641267900,745.0,778.75,744.0,754.15002,2515125
1641354300,753.0,755.0,736.0,738.45001,859528
1641440700,732.0,735.0,718.0,732.29999,1238144
1641527100,735.09998,744.40002,727.15002,734.15002,802851
1641786300,738.0,747.79999,733.90002,739.5,893975
1641872700,740.0,769.0,740.0,756.09998,1570079
1641959100,763.0,776.09998,741.0,759.40002,2075189
1642045500,759.0,759.40002,746.0,751.75,805465
1642131900,748.95001,766.0,745.15002,756.25,605337
1642391100,763.0,794.79999,762.0,770.25,1816236
1642477500,774.0,789.79999,764.0,770.70001,1800340
1642563900,770.95001,770.95001,737.04999,739.34998,1244871
1642650300,739.29999,744.79999,720.0,736.15002,1261565
1642736700,720.04999,724.79999,693.15002,702.15002,2285011
1642995900,703.90002,703.90002,606.79999,651.15002,5574120
1643082300,631.34998,646.79999,616.79999,627.25,3610984
1643255100,615.0,621.79999,600.0,602.90002,3135738
1643341500,611.5,656.0,611.25,625.45001,3524513
1643600700,643.0,649.84998,635.5,642.34998,1175644
1643687100,653.59998,669.04999,643.0,663.90002,1886495
1643773500,640.0,679.90002,640.0,675.65002,2360278
1643859900,680.5,699.5,670.29999,686.45001,1969604
1643946300,688.0,689.5,667.79999,682.04999,895020
1644205500,680.95001,683.70001,655.0,659.84998,846598
1644291900,668.25,671.70001,622.04999,625.40002,1824482
1644378300,635.5,650.0,627.70001,648.04999,995602
1644464700,651.70001,655.70001,637.20001,643.04999,447740
1644551100,632.0,637.90002,627.5,631.75,658919
1644810300,568.54999,621.90002,568.54999,603.59998,1723385
1644896700,621.0,659.70001,595.59998,652.34998,1867264
1644983100,660.0,667.65002,642.40002,651.25,1181020
1645069500,652.59998,663.65002,650.0,657.15002,886645
1645155900,647.0,663.0,644.04999,656.59998,622948
1645415100,646.0,665.0,632.0,656.20001,1012168
1645501500,615.0,651.79999,615.0,634.25,1054831
1645587900,642.70001,652.15002,634.04999,637.54999,484541
1645674300,605.0,619.0,582.0,595.90002,2836671
1645760700,620.0,656.0,609.95001,649.95001,1181586
1646019900,637.59998,640.95001,615.0,636.09998,1566616
1646192700,621.0,642.29999,618.0,621.79999,931155
1646279100,630.0,636.0,602.5,604.25,1293754
1646365500,599.90002,610.0,581.59998,589.79999,1918007
1646624700,560.5,583.84998,553.0,572.45001,2575682
1646711100,577.79999,589.59998,562.95001,569.5,1159673
1646797500,576.0,578.34998,566.20001,573.15002,1195925
1646883900,593.15002,613.5,592.0,602.34998,1709998
1646970300,603.0,620.0,595.70001,616.70001,828712
1647229500,620.0,623.95001,608.95001,612.95001,640797
1647315900,616.0,644.65002,612.5,631.84998,1877698
1647402300,643.0,654.79999,635.09998,644.5,926758
1647488700,661.0,698.70001,651.04999,684.5,1850118
1647834300,694.84998,706.59998,672.09998,674.59998,1255407
1647920700,676.25,678.84998,652.0,668.20001,1176575
1648007100,675.09998,694.15002,670.59998,689.34998,1372047
1648093500,684.0,686.84998,671.09998,675.20001,527577
1648179900,680.0,684.40002,660.0,662.34998,601930
1648439100,669.79999,672.54999,654.0,658.79999,891747
1648525500,664.0,678.79999,659.84998,663.09998,930464
1648611900,672.29999,700.0,662.0,677.75,943762
1648698300,685.0,688.90002,672.0,679.45001,696997
1648784700,674.84998,679.40002,654.04999,656.75,1720968
1649043900,663.70001,668.40002,659.04999,663.0,666813
1649130300,671.25,683.29999,662.29999,677.25,1419194
1649216700,672.0,676.40002,666.0,667.95001,597461
1649303100,667.29999,667.34998,646.0,649.5,841032
1649389500,652.0,664.25,644.70001,654.95001,654966
1649648700,657.79999,661.25,645.0,647.84998,840097
1649735100,645.0,648.79999,628.75,630.59998,560583
1649821500,634.70001,638.90002,619.04999,620.90002,563403
1650253500,613.5,629.95001,610.90002,622.54999,578215
1650339900,625.95001,653.79999,625.29999,633.29999,1199844
1650426300,642.0,664.0,638.20001,661.54999,1498343
1650512700,666.70001,668.84998,652.34998,664.70001,689551
1650599100,656.70001,683.34998,648.09998,671.25,1153895
1650858300,664.09998,679.79999,654.95001,666.75,1015207
1650944700,676.0,688.0,669.34998,674.59998,977933
1651031100,665.0,669.0,651.0,656.95001,1121708
1651117500,661.79999,664.40002,649.0,652.25,484866
1651203900,656.0,658.5,630.95001,635.54999,473280
1651463100,627.0,639.79999,621.5,633.84998,407152
1651635900,634.90002,638.40002,606.09998,611.04999,569404
1651722300,622.0,635.59998,611.25,613.84998,581135
1651808700,612.5,619.04999,590.5,595.09998,1737332
1652067900,586.45001,608.79999,576.04999,600.65002,992665
1652154300,604.95001,614.5,568.5,571.84998,1106500
1652240700,576.90002,589.29999,543.25,562.84998,1327842
1652327100,562.84998,577.95001,552.34998,568.95001,1497236
1652413500,577.95001,588.0,561.04999,569.20001,914750
1652672700,572.20001,578.0,551.09998,554.40002,562176
1652759100,559.70001,592.70001,558.25,587.29999,1061209
1652845500,586.0,586.40002,559.90002,562.20001,794398
1652931900,550.0,554.54999,526.5,537.25,1686255
1653018300,550.0,573.0,549.0,555.29999,1149255
1653277500,555.0,570.79999,536.84998,539.04999,1047932
1653363900,545.0,554.45001,540.70001,550.54999,461334
1653450300,548.5,554.34998,530.04999,533.29999,527089
1653536700,537.0,544.09998,519.04999,534.5,580401
1653623100,541.20001,544.40002,531.20001,537.95001,711093
1653882300,544.75,553.90002,541.54999,549.34998,469648
1653968700,548.0,578.0,541.70001,557.40002,1369582
1654055100,556.90002,574.95001,554.0,571.90002,640133
1654141500,567.40002,575.90002,560.34998,573.20001,338945
1654227900,578.0,589.0,569.5,573.0,744038
1654487100,572.0,582.59998,568.29999,578.25,623473
1654573500,573.75,590.0,568.04999,586.84998,542790
1654659900,589.40002,600.5,579.0,595.15002,1617768
1654746300,587.70001,599.40002,587.70001,594.0,820716
1654832700,588.90002,609.0,585.54999,601.54999,1013739
1655091900,586.0,603.5,575.5,601.29999,688622
1655178300,593.0,606.0,586.29999,597.90002,624706
1655264700,599.75,605.90002,595.0,599.59998,382991
1655351100,608.20001,608.20001,565.0,569.5,614077
1655437500,569.0,584.75,551.25,566.79999,711925
1655696700,565.0,572.29999,540.29999,547.40002,835391
1655783100,550.90002,569.65002,550.90002,562.29999,488006
1655869500,562.0,562.0,536.5,539.84998,714472
1655955900,543.90002,573.75,542.75,555.79999,1214419
1656042300,564.34998,584.40002,562.0,580.04999,786721
1656301500,592.20001,592.20001,578.65002,581.75,452498
1656387900,582.79999,582.79999,565.20001,568.25,451025
1656474300,564.15002,567.84998,557.0,559.29999,413427
1656560700,560.0,564.90002,552.0,553.79999,714487
1656647100,551.09998,570.0,547.0,567.70001,352045
1656906300,568.70001,573.70001,564.84998,568.0,259032
1656992700,570.40002,575.90002,557.15002,560.09998,279933
1657079100,558.0,574.70001,556.45001,568.54999,546867
1657165500,577.0,579.0,563.20001,566.84998,587293
1657251900,569.0,576.40002,562.75,567.45001,287332
1657511100,566.09998,578.79999,562.0,576.75,305882
1657597500,574.09998,574.09998,563.0,570.25,503229
1657683900,573.20001,584.34998,571.09998,580.70001,1022214
1657770300,582.79999,586.65002,567.25,574.95001,340303
1657856700,572.5,576.09998,566.75,570.20001,382733
1658115900,575.0,578.34998,568.59998,570.09998,380407
1658202300,571.75,577.65002,566.84998,569.90002,277087
1658288700,578.5,586.79999,570.0,572.70001,481299
1658375100,576.34998,584.0,572.04999,578.79999,491512
1658461500,582.90002,583.5,573.0,575.20001,625301
1658720700,576.90002,576.95001,562.40002,569.90002,410441
1658807100,565.90002,565.90002,549.70001,552.84998,692010
1658893500,555.20001,556.95001,545.90002,550.0,416401
1658979900,557.40002,566.40002,550.5,563.65002,439012
1659066300,550.0,575.79999,547.65002,568.34998,1036849
1659325500,571.40002,604.0,565.90002,596.20001,1906169
1659411900,596.20001,601.45001,584.90002,586.90002,677706
1659498300,590.25,590.25,579.0,585.0,283997
1659584700,588.90002,607.0,574.0,576.0,1081124
1659671100,576.0,581.65002,554.5,557.65002,898065
1659930300,563.5,571.54999,558.0,561.5,499586
1660103100,566.90002,573.70001,562.25,567.40002,689194
1660189500,574.40002,575.90002,559.09998,562.04999,389471
1660275900,562.04999,572.45001,557.54999,569.84998,397496
1660621500,574.5,574.59998,558.34998,570.34998,954535
1660707900,574.70001,576.0,528.29999,539.09998,4916238
1660794300,521.59998,534.5,507.20001,518.09998,59249131
1660880700,525.0,529.5,519.04999,520.84998,7051059
1661139900,521.15002,532.29999,516.04999,523.5,5928548
1661226300,523.5,537.70001,518.20001,532.70001,10059261
1661312700,535.0,537.34998,524.25,527.59998,2350280
1661399100,529.95001,532.70001,521.84998,523.90002,1721705
1661485500,526.70001,535.65002,521.34998,530.79999,3274520
1661744700,516.65002,525.34998,516.0,519.09998,2278442
1661831100,523.45001,524.90002,520.0,522.0,1590405
1662003900,518.79999,528.40002,518.0,526.95001,2096736
1662090300,526.0,528.54999,520.20001,524.0,1200849
1662349500,523.09998,528.5,520.59998,522.70001,1129613
1662435900,523.54999,525.5,517.0,519.79999,1034390
1662522300,517.20001,533.34998,517.20001,526.90002,1508878
1662608700,530.0,532.34998,524.0,525.29999,905092
1662695100,529.0,532.95001,524.34998,527.0,1164759
1662954300,528.79999,531.0,524.70001,525.75,1272764
1663040700,529.70001,548.40002,526.54999,544.09998,4624251
1663127100,534.15002,538.79999,528.0,529.0,2033856
1663213500,532.79999,533.40002,524.0,526.20001,977265
1663299900,525.0,525.65002,508.10001,515.45001,1525714
1663559100,516.5,519.84998,513.04999,515.0,2096604
1663645500,517.59998,524.5,513.15002,514.59998,736927
1663731900,514.5,517.04999,486.20001,497.89999,2126465
1663818300,499.0,499.64999,468.64999,479.14999,5021056
1663904700,482.04999,493.89999,469.45001,475.0,2880334
1664163900,474.89999,475.0,462.39999,468.14999,1773741
1664250300,475.0,480.60001,460.64999,464.60001,1161414
1664336700,461.0,473.79999,458.10001,462.20001,1110128
1664423100,465.39999,472.35001,463.5,468.85001,766933
1664509500,468.85001,468.95001,455.25,463.75,1474819
1664768700,463.75,466.89999,453.0,459.60001,1075149
1664855100,465.04999,472.95001,460.0,468.64999,1823809
1665027900,471.0,484.14999,470.35001,474.14999,991262
1665114300,473.5,477.75,468.10001,471.5,712017
1665373500,466.0,469.29999,464.0,465.29999,458055
1665459900,467.0,471.0,459.0,461.04999,561126
1665546300,461.5,465.54999,455.25,462.95001,458927
1665632700,462.95001,465.75,456.29999,460.5,350358
1665719100,469.89999,469.95001,458.10001,459.89999,480156
1665978300,459.39999,466.04999,454.14999,460.04999,520984
1666064700,462.04999,467.5,459.60001,464.5,686749
1666151100,465.0,489.0,465.0,485.54999,2722881
1666237500,479.0,497.04999,479.0,484.20001,1226234
1666323900,486.79999,490.29999,473.10001,477.39999,925647
1666615500,483.5,485.25,480.14999,483.79999,160725
1666669500,483.60001,493.5,480.45001,482.14999,714531
1666842300,484.0,487.60001,477.0,478.75,474318
1666928700,481.14999,482.35001,461.35001,464.20001,838347
1667187900,472.0,475.75,460.75,465.39999,1420328
1667274300,467.75,485.89999,467.20001,474.70001,1789945
1667360700,475.20001,477.79999,467.45001,470.79999,780153
1667447100,469.95001,470.60001,465.0,466.14999,486106
1667533500,468.5,471.85001,460.10001,460.89999,782112
1667792700,463.64999,466.64999,458.0,459.5,697925
1667965500,463.0,464.70001,453.64999,459.35001,1012733
1668051900,458.5,458.95001,451.0,455.5,825030
1668138300,460.0,464.60001,456.54999,458.14999,637913
1668397500,459.45001,463.45001,454.0,455.25,597332
1668483900,457.54999,457.54999,445.29999,448.54999,1041576
1668570300,445.29999,450.70001,443.20001,446.60001,827672
1668656700,446.0,449.79999,438.14999,445.14999,1107407
1668743100,446.0,456.89999,442.0,445.64999,845530
1669002300,443.0,446.79999,435.0,437.79999,648285
1669088700,438.95001,439.95001,432.35001,436.04999,437919
1669175100,438.0,441.95001,426.29999,429.39999,679720
1669261500,430.89999,456.0,427.39999,446.0,1627143
1669347900,446.0,446.5,438.39999,442.54999,730082
1669607100,441.79999,454.0,439.70001,450.89999,888688
1669693500,451.20001,453.95001,447.10001,450.54999,864644
1669779900,452.85001,461.35001,450.5,454.45001,1169346
1669866300,458.70001,465.29999,454.20001,463.20001,1278107
1669952700,463.14999,467.89999,458.5,462.04999,1217995
1670211900,463.79999,463.79999,457.0,459.85001,727687
1670298300,457.5,463.54999,456.95001,459.85001,420514
1670384700,461.0,461.79999,456.04999,460.10001,384704
1670471100,460.10001,461.75,446.45001,448.89999,927236
1670557500,450.5,456.75,437.0,438.14999,614169
1670816700,440.0,440.0,430.04999,437.35001,489233
1670903100,438.89999,452.0,438.39999,449.89999,933723
1670989500,452.0,483.29999,452.0,479.20001,2354167
1671075900,483.0,483.54999,461.5,463.79999,1195554
1671162300,461.39999,461.39999,451.20001,452.5,731978
1671421500,453.0,466.0,449.04999,458.25,927631
1671507900,457.54999,460.45001,451.25,453.29999,400423
1671594300,454.25,456.64999,432.14999,435.89999,1000645
1671680700,438.0,438.89999,421.29999,423.14999,940087
1671767100,421.0,421.95001,399.35001,400.54999,1400061
1672026300,403.0,417.85001,398.04999,410.70001,1217228
1672112700,414.70001,425.5,411.0,424.14999,685653
1672199100,422.5,429.70001,418.0,418.89999,634721
1672285500,415.70001,423.85001,410.89999,416.35001,672200
1672371900,421.10001,428.39999,416.64999,419.5,624097
1672631100,422.70001,424.70001,417.85001,419.20001,280976
1672717500,419.29999,425.14999,414.54999,415.45001,556703
1672803900,417.0,417.70001,409.04999,410.29999,641742
1672890300,413.20001,418.60001,407.35001,415.0,618502
1672976700,416.29999,429.25,410.79999,417.5,1544225
1673235900,420.0,425.35001,416.5,422.5,888013
1673322300,446.0,458.79999,432.0,447.45001,9739902
1673408700,453.70001,453.70001,425.29999,427.20001,3476828
1673495100,429.75,435.75,425.5,428.45001,1427849
1673581500,429.89999,429.89999,417.20001,425.64999,1278612
1673840700,428.5,430.95001,419.10001,420.54999,578596
1673927100,422.79999,422.79999,416.10001,418.35001,638196
1674013500,418.35001,421.0,416.25,420.25,659637
1674099900,417.0,419.89999,411.0,414.04999,899465
1674186300,416.0,416.0,407.10001,407.95001,641090
1674445500,409.89999,419.0,409.04999,417.75,481372
1674531900,419.89999,436.0,416.39999,432.60001,1309441
1674618300,441.0,461.0,436.60001,455.0,5392461
1674791100,455.75,464.85001,445.0,451.60001,2139821
1675050300,453.0,454.89999,438.45001,441.64999,1194183
1675136700,444.5,455.0,443.45001,450.0,1012769
1675223100,453.10001,469.60001,441.0,456.54999,2373206
1675309500,455.0,460.45001,447.29999,451.10001,1345041
1675395900,454.0,454.0,442.5,444.79999,724849
1675655100,441.0,477.89999,441.0,471.39999,3185014
1675741500,473.70001,475.0,450.0,458.0,1520621
1675827900,459.0,473.5,458.5,468.89999,1125693
1675914300,465.0,470.35001,456.14999,464.89999,583335
1676000700,464.0,473.20001,460.10001,462.79999,632416
1676259900,463.5,466.75,450.0,452.70001,477173
1676346300,454.70001,455.0,444.60001,450.10001,505324
1676432700,448.95001,464.70001,447.20001,461.29999,1247283
1676519100,463.64999,471.0,462.0,463.95001,870826
1676605500,462.64999,470.5,460.10001,462.70001,489871
1676864700,463.0,477.79999,461.10001,472.04999,1169223
1676951100,474.20001,477.79999,463.29999,465.79999,630296
1677037500,463.29999,468.70001,455.35001,457.20001,420361
1677123900,458.0,471.89999,457.39999,463.89999,772032
1677210300,464.0,468.04999,458.5,460.89999,565478
1677469500,460.5,460.79999,438.0,454.29999,646184
1677555900,456.10001,462.0,445.10001,448.10001,381050
1677642300,451.35001,463.0,450.0,459.95001,448273
1677728700,461.20001,466.54999,451.29999,453.20001,743257
1677815100,457.75,464.70001,454.0,455.85001,525246
1678074300,455.85001,462.54999,454.25,457.89999,538671
1678247100,456.64999,463.70001,451.25,452.75,645986
1678333500,454.0,459.95001,445.04999,446.5,704236
1678419900,445.89999,454.20001,434.04999,436.29999,1205611
1678679100,414.25,424.89999,403.29999,406.20001,13269484
1678765500,415.5,436.39999,410.10001,431.39999,12142642
1678851900,439.0,441.89999,418.0,423.04999,5340688
1678938300,423.04999,424.0,406.79999,413.64999,3489547
1679024700,419.0,423.54999,411.5,418.5,3624778
1679283900,418.0,418.39999,401.25,404.29999,1790040
1679370300,405.85001,411.0,405.0,409.25,2179679
1679456700,410.0,415.70001,410.0,413.70001,1256764
1679543100,414.35001,424.39999,411.0,413.54999,1654842
1679629500,414.10001,418.79999,406.75,410.75,1176131
1679888700,411.89999,415.60001,405.0,414.60001,1343413
1679975100,413.0,413.89999,401.10001,404.20001,1970141
1680061500,405.89999,416.0,405.0,414.75,1781834
1680234300,418.0,424.5,412.0,413.5,1387772
1680493500,415.70001,422.14999,414.79999,419.95001,1074114
1680666300,421.0,424.39999,419.10001,421.75,928669
1680752700,421.70001,426.70001,417.20001,423.29999,755991
1681098300,426.0,427.0,417.89999,418.75,589290
1681184700,421.0,425.64999,420.0,422.64999,1076902
1681271100,423.04999,441.0,422.64999,432.04999,2123272
1681357500,434.25,445.89999,431.0,444.35001,2568253
1681703100,443.89999,462.25,437.60001,459.20001,3113424
1681789500,461.14999,470.89999,458.39999,468.10001,3283950
1681875900,468.89999,468.89999,457.04999,464.75,1081397
1681962300,461.0,479.85001,461.0,477.64999,3508797
1682048700,476.85001,477.60001,462.35001,466.35001,1073677
1682307900,466.75,468.0,453.35001,457.79999,973271
1682394300,460.0,467.0,457.79999,459.64999,704092
1682480700,459.64999,465.95001,456.20001,464.95001,847880
1682567100,465.0,473.39999,462.25,470.70001,703216
1682653500,474.95001,490.0,474.35001,480.0,2607948
1682999100,483.5,494.0,483.0,487.14999,2112246
1683085500,485.89999,498.70001,482.54999,489.5,1185103
1683171900,503.0,507.35001,488.45001,497.75,3966042
1683258300,497.5,511.60001,492.60001,500.29999,2906461
1683517500,504.75,527.40002,502.79999,520.0,5157621
1683603900,520.95001,527.34998,516.20001,521.70001,4720804
1683690300,523.90002,545.0,519.59998,539.40002,5824799
1683776700,545.25,554.20001,538.15002,547.25,6443101
1683863100,570.0,574.0,530.0,534.0,9554296
1684122300,536.0,552.0,524.25,546.59998,4609617
1684208700,548.5,554.5,541.0,542.90002,3025986
1684295100,544.34998,544.34998,528.0,532.84998,2825295
1684381500,535.0,537.65002,520.0,521.54999,2651993
1684467900,523.09998,544.75,518.0,535.79999,4011432
1684727100,535.0,542.29999,527.54999,528.84998,2036828
1684813500,532.75,544.70001,528.5,529.84998,2501404
1684899900,529.95001,539.45001,527.40002,531.90002,2403036
1684986300,533.20001,541.59998,525.75,528.34998,2665334
1685072700,532.90002,547.79999,530.04999,539.15002,3362864
1685331900,540.45001,552.59998,535.0,536.5,3976323
1685418300,544.70001,544.70001,532.0,533.09998,4055275
1685504700,511.89999,573.45001,503.0,541.54999,81135054
1685591100,539.0,547.0,525.5,530.20001,5829695
1685677500,536.0,537.04999,528.09998,531.75,2220700
1685936700,534.65002,538.65002,525.04999,529.04999,1934956
1686023100,531.70001,534.90002,523.95001,528.04999,1404825
1686109500,529.90002,534.65002,528.34998,532.95001,1519065
1686195900,534.0,544.0,528.54999,530.59998,2628912
1686282300,533.40002,540.0,529.09998,535.34998,3872644
1686541500,535.70001,537.45001,527.15002,528.84998,1088532
1686627900,532.0,534.20001,528.09998,529.65002,1020347
1686714300,531.79999,531.79999,508.0,509.85001,2256756
1686800700,512.29999,518.90002,512.29999,514.40002,1019204
1686887100,517.59998,522.90002,514.09998,520.0,1214715
1687146300,521.75,530.0,520.09998,522.45001,1182382
1687232700,522.59998,524.79999,514.59998,515.79999,816671
1687319100,518.0,524.79999,508.0,512.84998,1682425
1687405500,516.0,521.0,512.34998,514.0,725732
1687491900,516.0,516.90002,505.29999,506.89999,668179
1687751100,508.5,518.0,508.45001,516.34998,1286593
1687837500,519.90002,522.40002,516.54999,519.84998,802623
1687923900,523.70001,529.84998,513.20001,514.90002,1842935
1688096700,516.90002,517.90002,508.10001,515.84998,1292014
1688355900,516.04999,520.0,514.04999,514.84998,788224
1688442300,516.34998,516.84998,508.5,509.89999,776522
1688528700,511.0,517.25,509.04999,515.79999,866807
1688615100,515.79999,527.0,515.79999,523.95001,1385717
1688701500,528.0,540.0,524.04999,535.29999,3616985
1688960700,537.20001,543.84998,532.0,534.29999,2035474
1689047100,540.0,548.79999,538.15002,540.15002,2123513
1689133500,542.04999,549.40002,540.90002,542.84998,1847684
1689219900,545.70001,550.79999,533.0,542.40002,1612941
1689306300,548.0,552.0,543.25,547.25,1312952
1689565500,549.20001,551.45001,539.25,544.40002,1182995
1689651900,547.0,549.0,537.09998,543.34998,862210
1689738300,543.90002,557.20001,543.90002,553.95001,2227259
1689824700,555.90002,565.0,555.0,563.40002,1854360
1689911100,565.0,581.0,560.54999,572.09998,2413588
1690170300,573.90002,583.20001,566.0,580.79999,2398697
1690256700,587.0,598.0,585.95001,594.70001,2169996
1690343100,596.79999,603.90002,591.0,597.29999,2446274
1690429500,597.59998,605.0,586.29999,591.54999,1311424
1690515900,596.90002,605.25,561.25,565.09998,3698927
1690775100,555.79999,575.29999,555.79999,570.09998,1651725
1690861500,575.0,575.0,565.09998,567.04999,1037389
1690947900,566.0,568.75,547.0,554.59998,1355336
1691034300,549.04999,567.5,549.04999,563.45001,1425261
1691120700,565.0,566.5,549.09998,557.75,638424
1691379900,557.75,560.0,553.29999,556.54999,569876
1691466300,557.79999,561.95001,552.5,556.5,981629
1691552700,556.5,560.34998,553.34998,554.5,540961
1691639100,555.0,562.45001,554.5,560.34998,724768
1691725500,560.0,560.0,554.09998,555.65002,1169346
1691984700,554.95001,554.95001,535.15002,549.70001,1954468
1692157500,550.0,560.0,548.04999,554.5,1074965
1692243900,555.09998,571.59998,555.09998,566.90002,1689856
1692330300,569.0,576.5,565.0,566.84998,1444993
1692589500,570.04999,594.90002,570.04999,590.90002,2154652
1692675900,596.90002,616.34998,593.15002,611.34998,3295859
1692762300,619.34998,625.95001,581.04999,586.79999,3431091
1692848700,591.0,599.75,587.09998,589.0,1217431
1692935100,590.0,590.0,573.20001,585.95001,1151562
1693194300,589.40002,594.40002,585.34998,590.34998,582820
1693280700,590.34998,593.70001,578.09998,579.95001,1190928
1693367100,580.95001,584.40002,573.59998,579.40002,1245028
1693453500,581.95001,605.75,578.04999,595.59998,3932793
1693539900,597.75,598.95001,587.75,592.25,831685
1693799100,596.0,597.79999,582.15002,583.25,1018935
1693885500,589.84998,593.65002,578.0,578.90002,876543
1693971900,583.95001,587.0,573.04999,575.04999,765700
1694058300,578.70001,593.65002,575.5,583.65002,1182455
1694144700,588.5,593.0,581.15002,591.90002,745266
1694403900,594.54999,608.0,587.45001,605.29999,1645727
1694490300,607.5,610.0,579.04999,583.65002,1654348
1694576700,584.0,586.5,566.04999,571.59998,1863052
1694663100,587.0,594.40002,582.04999,587.0,934075
1694749500,589.70001,601.75,582.54999,599.25,1521844
1695008700,598.0,600.0,587.0,598.90002,1034472
1695181500,593.0,612.90002,585.84998,603.20001,1783825
1695267900,598.0,618.0,585.29999,590.95001,1867914
1695354300,596.59998,596.59998,579.04999,580.04999,606387
1695613500,582.65002,585.75,567.5,569.40002,1152480
1695699900,571.59998,584.90002,571.40002,577.29999,878926
1695786300,579.90002,593.0,577.29999,590.40002,623755
1695872700,594.0,595.75,577.0,579.84998,549407
1695959100,583.0,587.09998,580.0,583.40002,409420
1696304700,583.29999,586.95001,576.59998,585.20001,483018
1696391100,581.0,585.0,572.15002,573.0,699871
1696477500,577.0,579.90002,570.5,572.54999,652691
1696563900,573.79999,577.90002,568.0,569.09998,807264
1696823100,565.40002,566.0,550.29999,555.09998,1172173
1696909500,558.0,563.0,551.5,554.25,1008953
1696995900,558.84998,568.59998,556.09998,559.65002,996464
1697082300,563.75,565.95001,557.29999,560.59998,475700
1697168700,558.95001,561.70001,557.15002,560.09998,357793
1697427900,560.04999,563.59998,557.70001,559.65002,277010
1697514300,561.5,563.65002,555.0,559.45001,594822
1697600700,562.95001,563.40002,551.5,558.59998,578227
1697687100,555.09998,558.20001,548.65002,549.40002,500130
1697773500,549.40002,551.04999,535.90002,540.5,1321108
1698032700,544.5,545.90002,502.89999,508.95001,1531268
1698205500,511.25,517.0,488.10001,512.75,1626925
1698291900,520.0,553.04999,518.90002,546.15002,8247071
1698378300,546.15002,563.40002,545.0,551.20001,1816563
1698637500,554.40002,555.20001,542.34998,546.54999,989644
1698723900,550.04999,557.04999,540.15002,541.5,1400438
1698810300,542.90002,551.0,540.65002,542.54999,561655
1698896700,544.5,548.79999,539.75,541.45001,591842
1698983100,543.5,549.90002,540.29999,548.45001,784444
1699242300,551.65002,560.0,547.15002,556.15002,580483
1699328700,559.40002,565.0,555.04999,563.95001,1020888
1699415100,567.70001,567.75,558.34998,562.59998,498569
1699501500,562.84998,566.65002,555.20001,565.29999,721273
1699587900,565.0,568.45001,561.29999,565.25,736785
1699793100,570.0,574.0,568.05,571.0,157783
1699847100,570.0,572.75,558.0,559.95001,738903
1700019900,568.95001,592.95001,564.25,588.25,2325445
1700106300,592.70001,603.90002,575.59998,579.20001,1868117
1700192700,580.40002,590.59998,577.15002,585.79999,1018975
1700451900,586.40002,592.0,575.59998,579.25,487724
1700538300,580.95001,598.40002,568.90002,585.5,1656263
1700624700,586.95001,588.59998,574.25,578.15002,860263
1700711100,579.65002,582.90002,572.0,575.75,479014
1700797500,575.90002,577.70001,566.95001,568.15002,986656
1701143100,572.40002,573.40002,555.5,558.25,1375997
1701229500,563.0,564.70001,551.25,554.79999,1285471
1701315900,555.59998,562.59998,551.5,558.0,3660273
1701402300,563.5,566.0,556.0,562.15002,2072845
1701661500,565.0,571.79999,559.0,562.34998,1681465
1701747900,562.79999,579.95001,562.54999,578.75,1670248
1701834300,583.0,585.5,569.09998,572.34998,836932
1701920700,575.40002,584.54999,573.04999,577.25,837733
1702007100,580.0,583.29999,570.29999,571.79999,706183
1702266300,571.79999,573.0,566.25,570.0,378595
1702352700,570.0,571.70001,554.04999,557.75,878426
1702439100,562.59998,562.59998,552.59998,555.95001,807360
1702525500,559.59998,562.25,555.34998,558.09998,552515
1702611900,560.0,562.65002,548.5,552.79999,1254239
1702871100,556.5,570.79999,552.95001,562.70001,1685214
1702957500,564.70001,567.79999,559.09998,560.34998,1918653
1703043900,564.0,567.5,534.25,538.0,2182459
1703130300,538.0,573.75,531.59998,571.40002,3442828
1703216700,575.0,580.90002,571.65002,577.0,1187816
1703562300,579.95001,589.79999,576.0,578.84998,962004
1703648700,582.0,625.70001,581.0,614.5,10419288
1703735100,618.0,636.84998,608.0,631.79999,7406636
1703821500,639.04999,651.65002,633.09998,644.5,4121670
1704080700,646.0,657.90002,639.59998,645.65002,2080698
1704167100,646.0,651.70001,630.0,641.70001,1783141
1704253500,643.5,643.84998,630.09998,638.04999,1062492
1704339900,640.25,669.95001,638.34998,648.5,3434482
1704426300,650.84998,662.84998,644.15002,647.09998,1446002
1704685500,648.0,649.25,635.5,638.09998,801005
1704771900,641.09998,646.5,632.15002,637.54999,956631
1704858300,640.0,643.0,611.04999,614.70001,2299073
1704944700,617.5,624.5,605.04999,606.70001,2528881
1705031100,607.29999,611.40002,602.65002,605.34998,1518070
1705290300,608.84998,613.45001,595.04999,599.5,1443551
1705376700,597.95001,599.79999,585.0,589.65002,1419145
1705463100,587.5,588.75,575.0,577.09998,1370375
1705549500,577.0,581.25,562.09998,576.95001,1231476
1705635900,581.59998,587.65002,574.0,584.95001,1622887
1705722300,587.40002,592.0,585.25,587.04999,365201
1705981500,590.09998,591.5,571.25,579.95001,1948854
1706067900,599.0,599.0,578.5,585.70001,2193213
1706154300,585.25,590.54999,578.5,585.40002,1029950
1706499900,590.0,599.0,587.0,597.29999,1113808
1706586300,597.34998,608.40002,591.65002,596.90002,1891243
1706672700,596.90002,620.09998,593.15002,618.20001,2892565
1706759100,622.15002,632.70001,620.0,629.25,1660958
1706845500,629.40002,641.0,619.25,630.34998,1737527
1707104700,630.34998,646.20001,626.15002,639.5,1141079
1707191100,635.09998,646.90002,625.0,631.29999,1086519
1707277500,635.0,636.5,621.84998,627.40002,567480
1707363900,629.5,629.95001,603.25,607.54999,761555
1707450300,607.0,621.84998,590.70001,619.34998,794470
1707709500,627.0,627.90002,585.0,593.95001,613057
1707795900,593.95001,599.15002,581.25,583.40002,544785
1707882300,580.0,613.5,580.0,606.29999,1259798
1707968700,616.15002,617.5,608.34998,613.20001,566335
1708055100,616.0,626.09998,611.45001,613.90002,724514
1708314300,618.0,623.29999,612.04999,614.79999,743984
1708400700,619.84998,656.5,618.59998,639.84998,5326806
1708487100,642.0,642.0,608.5,612.29999,1516659
1708573500,615.0,616.95001,605.70001,612.95001,1034652
1708659900,642.79999,652.0,617.29999,649.25,4777513
1708919100,650.0,669.84998,643.04999,664.09998,2873080
1709005500,666.0,694.79999,665.0,688.09998,4604527
1709091900,689.0,691.5,655.0,660.79999,2014512
1709178300,654.0,718.84998,653.04999,689.34998,8128571
1709264700,693.34998,696.0,668.20001,671.34998,1345119
1709351100,673.20001,703.90002,671.95001,694.20001,278592
1709523900,694.20001,694.20001,671.0,672.95001,1516854
1709610300,677.0,687.0,671.25,680.20001,1165243
1709696700,681.0,686.70001,663.15002,681.29999,1282712
1709783100,680.5,695.25,678.5,684.34998,2177919
1710128700,690.0,715.20001,682.54999,701.34998,2312254
1710215100,703.45001,708.0,679.5,686.95001,1391629
1710301500,684.0,688.04999,603.65002,642.5,6954030
1710387900,629.29999,648.0,622.04999,638.90002,2642690
1710474300,639.0,647.15002,626.40002,641.59998,1970945
1710733500,645.0,669.09998,645.0,663.04999,2360158
1710819900,664.0,664.40002,648.0,653.79999,1064611
1710906300,649.90002,653.54999,631.09998,637.84998,1353887
1710992700,644.84998,687.70001,644.59998,678.90002,3073721
1711079100,676.79999,698.70001,674.04999,691.45001,2338126
1711424700,689.90002,704.70001,685.09998,699.59998,2601520
1711511100,703.0,716.0,678.0,681.45001,1814402
1711597500,685.59998,711.90002,671.95001,705.95001,1914651
1711943100,709.95001,714.0,682.90002,684.20001,1313357
1712029500,689.59998,697.65002,675.0,678.20001,1237754
1712115900,684.09998,689.0,662.75,670.5,1790061
1712202300,680.54999,680.65002,662.0,663.15002,1361499
1712288700,665.0,678.90002,659.20001,662.59998,1073942
1712547900,667.0,667.0,642.5,645.79999,1321109
1712634300,649.40002,663.34998,643.0,644.0,1378613
1712720700,650.0,673.20001,645.0,651.70001,2534713
1712893500,665.0,706.09998,660.09998,680.0,9623414
1713152700,662.04999,679.0,652.0,665.95001,1527913
1713239100,660.0,687.90002,658.09998,677.40002,1533800
1713411900,688.0,691.0,673.59998,677.5,1354164
1713498300,669.95001,687.70001,660.04999,681.25,1542489
1713757500,671.0,680.95001,656.84998,661.20001,1125028
1713843900,666.0,673.79999,654.25,665.09998,1516622
1713930300,668.45001,681.0,665.04999,666.79999,1410198
1714016700,666.5,673.70001,659.09998,667.40002,1254468
1714103100,667.40002,671.25,646.5,647.70001,1311938
1714362300,650.0,654.20001,633.20001,636.84998,1663062
1714448700,638.84998,642.0,624.0,625.34998,2251053
1714621500,647.0,647.0,604.65002,608.25,3894011
1714707900,614.45001,620.90002,607.0,610.25,2226760
1714967100,615.0,619.0,605.54999,606.65002,796509
1715053500,608.0,616.54999,600.20001,614.29999,1836754
1715139900,613.90002,618.15002,606.0,614.5,897463
1715226300,615.5,623.0,600.70001,605.5,1644309
1715312700,608.45001,609.40002,588.0,590.20001,1625619
1715571900,590.95001,591.5,565.0,570.65002,3818228
1715658300,571.79999,582.75,567.90002,579.70001,1646972
1715744700,585.95001,608.0,581.40002,604.54999,3613180
1715831100,610.59998,612.95001,601.84998,605.04999,1031717
1715917500,605.04999,614.0,598.15002,612.75,1271390
1716003900,612.54999,616.59998,610.20001,613.09998,83262
1716263100,613.0,643.0,608.59998,637.29999,3302217
1716349500,639.70001,647.90002,631.04999,633.09998,1223389
1716435900,633.79999,641.75,626.40002,627.70001,935640
1716522300,627.65002,639.40002,625.90002,630.40002,1399970
1716781500,633.75,640.59998,628.04999,636.29999,956197
1716867900,638.0,643.75,617.0,620.90002,783966
1716954300,623.40002,633.29999,610.54999,630.70001,1091008
1717040700,624.0,644.90002,618.5,638.04999,1758146
1717127100,640.0,657.0,616.59998,651.09998,6813576
1717386300,675.0,676.0,655.79999,658.54999,1400844
1717472700,659.0,659.95001,605.0,633.5,2563435
1717559100,635.0,665.04999,614.09998,661.40002,1555292
1717645500,664.79999,672.95001,652.0,657.0,698455
1717731900,655.0,665.95001,650.09998,664.45001,843536
1717991100,670.0,672.09998,658.40002,660.20001,865101
1718077500,663.75,666.0,648.79999,651.29999,506267
1718163900,654.5,668.34998,654.5,662.34998,1327291
1718250300,660.40002,664.59998,651.0,651.90002,996441
1718336700,652.0,654.90002,640.15002,648.29999,1704350
1718682300,654.0,662.0,637.65002,641.29999,1549934
1718768700,653.0,664.29999,641.0,642.90002,2423762
1718855100,642.90002,644.09998,633.09998,637.70001,968158
1718941500,639.90002,643.15002,626.5,629.04999,1369141
1719200700,629.04999,640.90002,625.09998,637.54999,616902
1719287100,637.54999,639.09998,629.0,633.90002,441400
1719373500,633.90002,648.0,629.04999,640.09998,926986
1719459900,650.0,651.90002,640.25,647.34998,1142754
1719546300,649.0,649.0,636.20001,641.0,717115
1719805500,644.75,672.0,641.84998,669.59998,2073935
1719891900,672.5,684.29999,667.0,670.95001,1591881
1719978300,673.0,683.90002,661.5,670.79999,942172
1720064700,671.04999,678.90002,660.0,666.90002,769961
1720151100,666.90002,666.90002,652.90002,656.90002,1169183
1720410300,656.45001,681.90002,656.0,675.04999,1506819
1720496700,676.90002,690.0,676.54999,680.15002,1670930
1720583100,680.15002,692.90002,662.65002,689.95001,1838313
1720669500,692.90002,744.29999,692.0,719.90002,11050793
1720755900,720.0,738.25,715.54999,724.40002,2612054
1721015100,731.59998,764.5,712.04999,725.45001,3439391
1721101500,727.59998,731.09998,708.5,713.0,792233
1721274300,710.0,721.90002,701.75,711.5,1328438
1721360700,711.0,711.0,682.0,693.5,1129597
1721619900,686.95001,710.0,678.0,708.0,1191022
1721706300,708.0,710.5,681.70001,698.04999,1200719
1721792700,703.0,705.0,686.0,687.45001,487844
1721879100,699.0,718.0,688.75,697.90002,3355349
1721965500,704.84998,715.29999,688.0,690.25,1069519
1722224700,695.84998,696.29999,680.04999,685.04999,1145859
1722311100,693.04999,703.0,676.15002,679.0,1868439
1722397500,682.70001,683.45001,666.65002,679.25,1659742
1722483900,679.0,683.09998,668.25,672.54999,792866
1722570300,664.90002,693.0,663.40002,689.20001,1217493
1722829500,671.0,676.75,647.59998,658.34998,3095537
1722915900,655.54999,674.79999,648.59998,651.34998,721444
1723002300,669.45001,669.45001,650.04999,655.65002,528032
1723088700,657.40002,667.84998,648.70001,655.29999,1150238
1723175100,663.40002,689.0,662.25,678.79999,2076432
1723434300,670.09998,677.34998,660.09998,665.65002,1234517
1723520700,665.0,675.20001,657.09998,659.5,721791
1723607100,665.45001,667.75,643.75,652.34998,1816896
1723779900,656.70001,691.29999,656.40002,686.70001,1924721
1724039100,693.90002,695.59998,679.0,690.40002,553062
1724125500,694.75,702.20001,681.59998,699.59998,666703
1724211900,700.0,701.75,680.20001,681.95001,980338
1724298300,684.90002,695.45001,684.29999,689.95001,783372
1724384700,689.84998,700.25,685.29999,695.34998,740655
1724643900,695.65002,719.5,690.15002,715.70001,1494572
1724730300,719.29999,736.90002,696.29999,707.45001,2966671
1724816700,705.0,717.95001,697.0,700.09998,1089403
1724903100,700.15002,722.29999,686.0,689.15002,1577836
1724989500,691.95001,698.70001,678.0,683.34998,2415730
1725248700,685.0,729.90002,682.5,715.04999,5417373
1725335100,722.0,736.5,707.0,710.79999,2659537
1725421500,703.34998,732.59998,701.5,722.40002,2386638
1725507900,750.0,752.40002,721.70001,733.84998,5450342
1725594300,737.84998,737.84998,716.0,718.90002,2095248
1725853500,714.9,714.9,685.6,700.15,1527955
1725939900,707.2,725.8,703.9,713.4,2571346
1726026300,719.95,738.35,715.6,725.4,2358392
1726112700,719.0,737.8,718.9,726.05,1373502
1726199100,731.85,746.0,721.7,724.25,1394286
1726458300,730.0,737.5,725.0,733.65,684524
1726544700,738.0,758.65,735.95,745.4,3270902
1726631100,742.0,750.7,711.2,717.55,2317400
1726717500,723.3,738.8,698.0,728.5,1576534
1726803900,732.0,759.45,725.05,748.35,5302786
1727063100,763.35,768.65,743.75,750.2,1628786
1727149500,749.0,753.95,734.05,735.9,943870
1727235900,735.0,736.45,714.05,730.05,2492409
1727322300,742.95,755.45,730.0,744.1,4039878
1727408700,743.95,743.95,730.85,735.45,1177716
1727667900,734.0,746.3,728.65,743.4,864479
1727754300,742.0,745.7,728.15,731.05,1344430
1727927100,716.25,722.65,703.0,706.6,1381904
1728013500,711.0,711.0,686.55,696.8,1983326
1728272700,694.0,694.5,664.3,675.45,3099047
1728359100,668.6,680.95,666.15,673.45,1549976
1728445500,682.0,694.0,670.6,673.1,1574020
1728531900,675.0,682.0,665.0,670.8,2571951
1728618300,675.0,677.0,661.5,665.1,761195
1728877500,666.65,668.25,656.6,660.1,1692063
1728963900,665.95,669.95,655.2,656.8,1137736
1729050300,659.0,666.55,652.9,662.55,1224255
1729136700,663.55,665.4,643.2,648.6,2594238
1729223100,648.6,653.7,635.0,637.3,1557380
1729482300,637.3,639.0,626.85,633.55,2147746
1729568700,639.0,649.7,632.05,635.35,3989483
1729655100,630.15,654.7,629.05,644.1,1610895
1729741500,664.0,744.9,663.75,729.45,27594688
1729827900,727.5,732.3,695.0,699.25,2648854
1730087100,699.25,709.8,684.05,690.85,4605722
1730173500,691.8,703.3,670.55,686.2,1177278
1730259900,682.0,692.65,679.0,685.25,2147148
1730346300,683.0,691.0,669.8,685.7,984886
1730464200,686.45,720.0,686.45,697.2,321861
1730691900,700.85,700.85,680.45,688.9,696834
1730778300,687.8,697.75,675.25,688.9,1178166
1730864700,692.0,716.55,690.0,709.35,1939077
1730951100,709.7,720.9,703.3,704.65,955455
1731037500,707.8,709.9,698.25,704.0,1522921
1731296700,701.0,714.6,690.0,699.2,730090
1731383100,699.2,707.8,679.1,684.05,892443
1731469500,680.0,680.55,662.15,665.95,980137
1731555900,678.7,682.95,660.55,668.65,756869
1731901500,679.0,679.0,658.65,667.75,943201
1731987900,667.95,696.6,667.95,680.4,1167001
1732160700,680.4,694.85,674.0,683.9,1491622
1732247100,683.9,691.0,675.0,685.7,760433
1732506300,694.0,701.0,667.0,672.5,2637722
1732592700,672.5,690.4,672.3,675.85,1043903
1732679100,683.8,683.8,668.3,673.8,673597
1732765500,675.7,679.0,663.2,664.7,718669
1732851900,666.0,674.45,658.15,671.6,1776675
1733111100,671.0,685.0,668.0,676.05,1089452
1733197500,680.7,680.7,670.0,672.7,671497
1733283900,673.0,697.45,671.2,689.15,1860493
1733370300,692.7,692.7,667.3,675.0,1369054
